"y","x1","d1","x2","d2"
55.4617632335373,1.07592317744952,0,-5.2851864358182,0
86.8656587829529,2.42238547580826,0,-6.40049966253144,0
23.9225932651801,2.93076862461828,1,-2.95951354964668,-2.95951354964668
56.5014387718633,1.84423679043544,0,-10.0395055005177,0
1.20551083736706,2.93089962711546,1,-3.48534619157662,-3.48534619157662
-111.888740311618,3.04576986453221,1,-6.05158036642108,-6.05158036642108
139.974181990275,3.96793251872681,0,-5.65906289856801,0
-38.1510601427523,2.3624995687001,1,-3.95523056983533,-3.95523056983533
-129.970338256425,3.4380047283522,1,-6.7684233303571,-6.7684233303571
-153.274976773871,2.94381159746077,1,-6.92489146646947,-6.92489146646947
58.1559105722492,4.11416026474199,1,-3.01787572717855,-3.01787572717855
-40.2505535873203,3.69416436762737,1,-4.93746557964328,-4.93746557964328
-106.997303139313,2.9889507301504,1,-5.90726811416664,-5.90726811416664
130.427250890197,3.15608157805099,0,-2.92976652725526,0
125.591551574157,3.61494937796862,0,-6.30829131722975,0
150.153239233897,4.04124002330285,0,-4.22829229369611,0
101.845402802297,2.07586461327683,0,-2.00963971581448,0
-5.1344592901875,2.88461977702178,1,-3.60750640138361,-3.60750640138361
4.10497397733323,3.14154827623226,1,-3.56041930804758,-3.56041930804758
134.120598511668,3.58547207894322,0,-4.78317701840783,0
129.37792333039,3.43137880883111,0,-4.54938939026362,0
21.6934543570781,3.40028646359185,1,-3.3852015869921,-3.3852015869921
168.329925564303,4.57730918165813,0,-4.0942549437562,0
-212.787947261463,3.09087585671987,1,-8.36005465839377,-8.36005465839377
98.3751261400756,2.5269254744556,0,-5.60630494527888,0
45.1971494832804,2.10276227988733,1,-1.95182730169519,-1.95182730169519
97.2311712586355,3.95127120934575,1,-2.03103183757889,-2.03103183757889
-112.664917061897,4.62864942283165,1,-7.11660460401733,-7.11660460401733
-120.834944086324,0.676008247115636,1,-4.66958945576425,-4.66958945576425
82.7761241831756,1.89549618374193,0,-4.65437054803171,0
-14.5799203465345,3.07915490025439,1,-3.91117747776199,-3.91117747776199
-111.596716462536,2.17900663054482,1,-5.50691568235092,-5.50691568235092
69.0840832496222,2.24207700634073,0,-9.26534045841635,0
161.634042602463,4.37826652333387,0,-3.81009107661036,0
76.6502274834042,5.35059991195342,1,-3.4088553252724,-3.4088553252724
51.5613598841476,3.77220038249818,1,-2.93646479119013,-2.93646479119013
-31.3033321609697,3.55451776997267,1,-4.65859219937189,-4.65859219937189
38.2209594507427,1.91751091484995,1,-2.00790043762754,-2.00790043762754
147.19251303885,3.79979547597624,0,-2.88828413721828,0
103.495644225723,2.30797156149233,0,-3.24385589741909,0
-169.582184751543,1.28103194016942,1,-6.19465899050321,-6.19465899050321
69.0186779210945,3.53734090232334,1,-2.38144760148348,-2.38144760148348
-107.171577971318,3.67244827340748,1,-6.3955344378713,-6.3955344378713
86.2802549997716,2.10328727021742,0,-5.58811686433257,0
155.922157430147,4.13555274042212,0,-3.4295494533358,0
-32.1972818961782,3.73162112272123,1,-4.76016202434276,-4.76016202434276
150.473530975295,2.6098780269775,1,0.0633508216697205,0.0633508216697205
5.14031467978544,4.6192012178157,1,-4.50661201245044,-4.50661201245044
-158.727807591108,2.59009653908613,1,-6.83930787517303,-6.83930787517303
138.32328386251,4.19493304998625,0,-7.6042279502104,0
142.608850871699,3.48599722740806,1,-0.751133234351662,-0.751133234351662
-204.927665223304,3.13876532183325,1,-8.20009145506437,-8.20009145506437
70.3327834417997,1.0735984731841,0,-2.60337251314028,0
96.4648190603531,1.69426909004073,0,-0.474857895494064,0
-113.994994489273,1.7247631139011,1,-5.24906179794787,-5.24906179794787
47.1139997586181,2.85935376975689,1,-2.37028024873219,-2.37028024873219
-33.3328400941679,3.64089751276475,1,-4.71673772795027,-4.71673772795027
-164.022124009773,3.4895209086557,1,-7.519153798143,-7.519153798143
-92.0752901969664,3.65239434345843,1,-5.99580651114135,-5.99580651114135
-78.0130200857241,3.74839468492295,1,-5.77362601838455,-5.77362601838455
-52.0777973967231,4.6586243404414,1,-5.81017869159263,-5.81017869159263
-236.226157857634,2.7835890232144,1,-8.68160166921841,-8.68160166921841
163.684118669473,4.82684985555145,0,-6.37740817695166,0
-108.275619962401,4.27064517346335,1,-6.82534158109299,-6.82534158109299
-16.7519468639936,3.08182424998144,1,-3.99349833971299,-3.99349833971299
-109.717718429067,1.92576945970463,1,-5.29139848759484,-5.29139848759484
151.646247854186,3.60217487937724,0,-1.33417965910363,0
68.4154228386691,1.61380787862202,0,-5.97010359850634,0
51.2956476881897,1.34264107805188,0,-7.74858247904731,0
64.8985550838567,1.33255547425427,0,-5.08992236200878,0
2.92191959110228,2.49227498627808,1,-3.14073124015055,-3.14073124015055
151.664833705234,3.97965193119593,0,-3.32527590879599,0
146.513292715048,3.97441789830193,0,-4.59307890775321,0
175.461247037135,4.8457939579515,0,-4.22663424705395,0
88.0874618352181,2.51338434353451,0,-7.64723100944088,0
-28.2772610563714,1.59090839480324,1,-3.2189450604395,-3.2189450604395
98.5417000040987,2.18361746039076,0,-3.67976200587673,0
54.8729434789173,1.23537045398314,0,-6.524446333241,0
-190.76944799082,4.35827979555847,1,-8.69060189742902,-8.69060189742902
-97.0902139878235,2.71771496490577,1,-5.54260554558101,-5.54260554558101
66.5776433853054,1.51847762554677,0,-5.98083406031525,0
129.564411212709,3.59548825166288,0,-5.78803991478477,0
-93.4424905755874,3.09396206233007,1,-5.69247869248652,-5.69247869248652
-131.276361015005,2.75186207075011,1,-6.32841620432026,-6.32841620432026
-160.617005228982,2.76164543865495,1,-6.95687710088206,-6.95687710088206
49.8586335765767,1.29038556359848,0,-7.64775948551335,0
123.837615574398,3.20015702593838,0,-4.36470658232597,0
107.343012074606,2.53185175485706,0,-3.86068353149816,0
100.963501194432,2.78229907734558,0,-6.89282377656447,0
90.4341741637112,2.41625064461259,0,-6.33170508710301,0
-161.291735722436,3.49065919365187,1,-7.47959697792223,-7.47959697792223
-21.9879895674847,4.10170599230033,1,-4.78536231250659,-4.78536231250659
29.8377592583121,2.63564410717729,1,-2.63585518507608,-2.63585518507608
70.5515663228458,1.8841931801869,0,-6.95182472038832,0
-154.102495299367,3.99650995259447,1,-7.67360890500894,-7.67360890500894
124.153105425011,3.33889681394223,1,-1.00433373064886,-1.00433373064886
133.432608429886,3.89403675952888,0,-6.558113001192,0
14.1344662592683,1.79580965558897,1,-2.43331010062427,-2.43331010062427
77.2308685359488,1.56452774729107,0,-4.1797403273547,0
113.089424944301,2.88464356446298,0,-4.47083699221276,0
85.4979905417,1.71835789412853,0,-3.23030461376844,0
164.432371598455,4.35410183279211,0,-3.10827441108115,0
-73.6828434387854,3.70970568379229,1,-5.67576447975113,-5.67576447975113
94.4991031676563,2.55555348978014,0,-6.41914090002322,0
-222.331097972646,4.47940890423639,1,-9.47669432129624,-9.47669432129624
-129.348869145089,1.30055511122163,1,-5.27280893474765,-5.27280893474765
86.6993400747437,1.83546892050846,0,-3.4630722640229,0
158.594165980614,3.86994324162847,0,-1.41327010278968,0
173.710159685213,2.86945354528602,1,0.384860804849817,0.384860804849817
140.525956473962,3.60102439660539,0,-3.14880838469012,0
160.011709097634,4.74022979902684,0,-6.42442859721447,0
143.357689288599,4.02656352674224,0,-5.5870284230863,0
51.601402003736,3.19614858954564,1,-2.53347491994054,-2.53347491994054
128.82522372071,3.33813227027394,0,-4.30285198936092,0
99.281556234613,2.92719800034761,0,-7.81955372230764,0
125.758831898237,3.58725088487023,0,-5.90356204868374,0
36.7656830371459,2.05120364658074,1,-2.12886092129615,-2.12886092129615
6.97519346428671,3.93083823654068,1,-4.02942370269808,-4.02942370269808
96.3583361979118,2.56165276096584,0,-6.31463185303686,0
-105.993628464923,2.83602929570913,1,-5.8240544188515,-5.8240544188515
-176.215329954859,4.05946382791456,1,-8.17911097590077,-8.17911097590077
114.919969638729,2.74883182232862,0,-3.72680466279042,0
-201.004644987071,2.01357804338954,1,-7.3276048621037,-7.3276048621037
124.569739923473,3.11206875225277,0,-3.93911015663257,0
95.6100363644721,2.1911041390627,0,-4.35037619494064,0
111.639642540768,3.08483248530909,0,-6.22573098284927,0
-88.9636910766057,2.41726908168164,1,-5.15607328662758,-5.15607328662758
140.846713559126,4.15373863861024,0,-6.95403246032091,0
80.3841818689474,2.21515004504909,0,-7.65269720391005,0
-200.577433155812,2.34913207542211,1,-7.58106147863065,-7.58106147863065
120.034186894717,2.961674275253,0,-4.04798193171253,0
100.847881366657,2.38956773836745,0,-4.20085142623131,0
-200.665220708386,2.50111001701297,1,-7.70629676075782,-7.70629676075782
117.609606994698,3.77663801219728,0,-9.19281342404248,0
-141.99190596043,2.39810842929238,1,-6.33108937243124,-6.33108937243124
-15.6728745140489,4.12328159590969,1,-4.64073128136201,-4.64073128136201
127.828317857547,3.37123034829967,0,-4.80222319365686,0
-170.886752689849,3.60640146412578,1,-7.75334224085789,-7.75334224085789
-34.9979292007206,3.54999236879288,1,-4.67319705334505,-4.67319705334505
42.9935276467827,3.47163748112934,1,-2.90953153187099,-2.90953153187099
-48.6051116915437,3.77304252904732,1,-5.16830221001782,-5.16830221001782
121.386840535178,3.43103158085182,0,-5.90077207651195,0
114.7261657617,2.73750229691855,0,-3.56417476844246,0
126.353895586869,2.77451406126256,0,-1.27693209418171,0
92.5115747237344,2.40454498401806,0,-6.28478663526325,0
119.764481318564,1.78966029311251,1,-0.112862523639594,-0.112862523639594
122.31799568661,3.74750719140667,0,-8.29023055473153,0
130.155316462696,3.62281211516566,0,-5.8223196791835,0
41.1129050732512,3.63326417254438,1,-3.04390233423361,-3.04390233423361
95.9004270048606,2.30879056456285,0,-5.04193351345324,0
144.48076227812,3.57160559120116,0,-2.45633080273493,0
123.01423290336,3.03714950089655,0,-3.70273977840002,0
91.5938259988172,2.4442313290568,0,-6.41288627773965,0
-63.4880554360466,2.1858585702707,1,-4.4049111453006,-4.4049111453006
66.6446640388039,3.14525015854935,1,-2.19345848875219,-2.19345848875219
-113.472880937408,3.00797591196328,1,-6.07071689467781,-6.07071689467781
74.6153672899136,2.63570437435153,1,-1.67530224592324,-1.67530224592324
119.106322474804,3.22481816620936,0,-5.5614026469476,0
136.044187815454,3.41312750938069,0,-3.44552515887701,0
89.5802891096501,2.31793877581373,0,-6.23870125531341,0
144.606636392709,4.37388081067914,0,-7.27654018015185,0
-225.990779500831,2.76543260830027,1,-8.38779310780335,-8.38779310780335
116.008143595588,2.85796152337554,0,-3.74268818977033,0
134.024858196878,4.10546075246653,0,-7.88569511970498,0
111.776304666453,2.87129803817214,0,-4.81958929617267,0
-82.267696265706,3.26864580908816,1,-5.58148721333844,-5.58148721333844
108.588258164905,2.99160957391205,0,-6.14404398071467,0
137.843705699412,3.98599437659473,0,-6.46394466429126,0
-56.713218293285,1.86168786042542,1,-4.05795120836521,-4.05795120836521
109.887379365904,2.95447128493824,0,-5.84404655274776,0
79.6182620592409,2.18177926363422,0,-6.91708663304352,0
-97.6762290596247,3.79971090028715,1,-6.25932572289184,-6.25932572289184
47.4615136542782,0.709466638423652,0,-4.83766621582921,0
-131.494448085785,2.42402038944485,1,-6.10367539856096,-6.10367539856096
-2.64812495038669,1.96137569820794,1,-2.96126570545996,-2.96126570545996
-179.132739855661,2.26151993081067,1,-7.04928821650247,-7.04928821650247
82.6400885204282,1.80265604604478,1,-0.960826139294578,-0.960826139294578
134.130515650314,3.62254366815702,0,-4.75905989096006,0
-41.1884744861534,3.31241790675209,1,-4.68201653728713,-4.68201653728713
-167.291197141816,4.26914087132958,1,-8.08983493169352,-8.08983493169352
79.0796142534862,3.90245576166617,1,-2.38156962474661,-2.38156962474661
117.880646737364,2.30428329234147,0,-0.662477578126492,0
78.2721384000935,2.1914987085375,0,-7.12582656634601,0
13.6647426431419,2.34658818114806,1,-2.78461942103608,-2.78461942103608
56.5706659056038,3.78578958483302,1,-2.81132741570331,-2.81132741570331
-38.6834941827934,0.532651923950929,1,-2.77510616514686,-2.77510616514686
118.518380100105,3.51577597358664,0,-7.52966919004539,0
-139.032229717878,1.80119317209489,1,-5.81596274887819,-5.81596274887819
55.6966977113576,0.732294986438454,0,-2.99504170784771,0
-178.20634031411,1.68153439765717,1,-6.65235931872906,-6.65235931872906
-146.593149321666,2.5804127885995,1,-6.52778093220334,-6.52778093220334
31.9982422563482,2.19815364612694,1,-2.29517762735326,-2.29517762735326
140.029883356337,3.39747733056083,0,-2.25095013404238,0
88.9516299261021,2.22750731482719,0,-5.72260347568866,0
83.0414726150395,3.79782748149888,1,-2.2150976025398,-2.2150976025398
44.771832191437,0.737146164470575,0,-5.54311603998726,0
126.275191781745,2.99895710036288,0,-2.66389622908173,0
-27.2795961488943,4.20547941090322,1,-5.00450875445937,-5.00450875445937
133.30987590076,4.28171846546526,0,-9.16429262725745,0
22.8656878653616,4.2526649070156,1,-3.89137239548732,-3.89137239548732
81.8798653861421,1.97070404726525,0,-5.38499381661948,0
-3.27308456928939,4.19603085105637,1,-4.41462313207212,-4.41462313207212
103.804920437933,4.52177737885114,1,-2.28816891350655,-2.28816891350655
162.518654672701,4.4196666997267,0,-4.18685677547316,0
-34.2674774054796,2.77062498684137,1,-4.15738950336085,-4.15738950336085
-60.9804672108543,3.87632311662341,1,-5.5145199426745,-5.5145199426745
107.551140169694,2.80507439626405,0,-5.048285778754,0
-5.79254236354377,3.57623512112445,1,-4.10199073464565,-4.10199073464565
117.848403388986,3.15051410087567,0,-5.63093797998552,0
108.577763083895,2.86416374920569,0,-5.56653284600667,0
-244.908111106753,1.76358760414357,1,-8.17188020827016,-8.17188020827016
105.283150391435,2.42191339363852,0,-3.38466173863339,0
-217.015790447593,2.11461616340624,1,-7.78365094940231,-7.78365094940231
-74.1024235255955,3.331399744869,1,-5.38829199636775,-5.38829199636775
130.346061805899,3.72214820529463,0,-6.25988010872803,0
46.2624713701797,1.85908411856634,1,-1.75465353217755,-1.75465353217755
-75.5189937961142,2.65195503408372,1,-5.04586087382766,-5.04586087382766
48.1517057300586,3.22727705778785,1,-2.62588130254225,-2.62588130254225
-257.392582130308,0.694537810486742,1,-7.71419285780861,-7.71419285780861
69.6482770030286,1.63624829029617,0,-5.68126403505513,0
110.85268209492,2.7880926956839,0,-4.49399738004773,0
-240.589836086181,3.96927817101008,1,-9.54410206407747,-9.54410206407747
-13.8449052050122,3.27111616811977,1,-4.04148606784285,-4.04148606784285
194.753196871378,5.60809135259107,0,-4.64306656824572,0
94.1335843293916,2.58958172748021,0,-6.70871704871025,0
151.808750401724,4.04799070980245,0,-4.10909459241818,0
95.7522810368479,2.7915609481433,0,-7.58178782789792,0
142.436914896623,3.83120437082914,0,-4.65362419550689,0
72.6993359890019,1.99448342863487,0,-7.71037297676576,0
97.5860802741174,2.52260905127988,0,-5.52997242046353,0
150.943042958547,3.95427354057188,0,-3.59731055613464,0
102.8806410461,2.25618234020463,0,-2.8068002945441,0
171.963405833919,4.6072488309483,0,-3.67487717647241,0
-33.6946986418362,2.53827880301204,1,-4.01092905114756,-4.01092905114756
-89.8908396222905,2.75934871196783,1,-5.38778516606932,-5.38778516606932
-75.5825229110663,2.54610521608207,1,-4.93062508590496,-4.93062508590496
79.6231762333266,3.21798571338205,1,-1.96480412098455,-1.96480412098455
131.466162898253,3.57308575050737,0,-5.34450749571352,0
-125.386201119255,0.94339920664164,1,-4.94853629605488,-4.94853629605488
-77.0265841292001,1.476053321292,1,-4.24848716515365,-4.24848716515365
114.052531701444,2.80296347601783,0,-4.15509318533532,0
83.3758163080488,2.18647382943002,0,-6.45456580063312,0
121.840705154181,4.25136638194044,1,-1.66378468795025,-1.66378468795025
-11.468992910998,4.4279723386708,1,-4.77638041815291,-4.77638041815291
-141.046753198291,4.93321739024519,1,-7.99273708021143,-7.99273708021143
25.7312759171132,2.93010505589339,1,-2.92611438273368,-2.92611438273368
-70.3502495347417,2.78825080591621,1,-4.94535923380538,-4.94535923380538
129.028375451869,3.35901587455061,0,-4.63322786368793,0
142.24673028208,3.93449133252271,0,-5.23848784528757,0
-145.410330526544,2.64189869308757,1,-6.52935862546607,-6.52935862546607
-13.2915614798197,1.20729162684864,1,-2.66207471449883,-2.66207471449883
-326.269048952405,3.09970310779651,1,-10.8499317247514,-10.8499317247514
119.877253314556,2.7519724046014,0,-2.70517253003462,0
108.116228341763,2.61228888870984,0,-4.21681382088849,0
194.365744593824,4.83407656091124,0,0.218422750529863,0
-178.596849307966,1.75907861090224,1,-6.66470591640928,-6.66470591640928
117.998419373773,2.44942091903549,0,-1.1370814916693,0
122.098979940609,2.72063830421056,0,-1.80745059115207,0
128.110032819904,3.27355261587159,0,-4.26479276283338,0
107.017571738156,3.26386862988756,0,-7.85873208535899,0
-18.3297636780929,3.86799999440982,1,-4.56696281004128,-4.56696281004128
116.279707207952,2.69974449553357,0,-2.7540785430843,0
-289.070040265025,3.31904874380641,1,-10.1819890862966,-10.1819890862966
125.838765527341,3.84289696169,0,-7.97484974043029,0
-88.2087127381861,3.34513310551775,1,-5.74556731116335,-5.74556731116335
-40.2377815987581,4.66967075265821,1,-5.56951000187331,-5.56951000187331
109.772658756971,3.06780083216362,0,-6.32407327254391,0
10.5738951211269,2.39798885661626,1,-2.94075196059631,-2.94075196059631
129.941073571924,3.75686225299729,0,-6.63521926690536,0
-164.322225325009,3.0257170778109,1,-7.20028166366673,-7.20028166366673
-78.2585189202507,2.68333878615349,1,-5.09541458788606,-5.09541458788606
-25.6815835661764,1.90406852362568,1,-3.4187432008749,-3.4187432008749
88.4430941344581,3.55402393040877,1,-1.9438670863081,-1.9438670863081
-160.441395339022,3.59504999299667,1,-7.51584439418528,-7.51584439418528
95.6187746043114,2.55697956880716,0,-6.24250173508236,0
-6.34753901023782,3.067031479553,1,-3.75796964971099,-3.75796964971099
-187.54117083305,2.47429161083878,1,-7.38713457636355,-7.38713457636355
-173.918019882369,3.7555416101438,1,-7.89438697081893,-7.89438697081893
125.183835483936,3.29557514239255,0,-4.73280016631872,0
-111.394763323756,2.86361618313952,1,-5.96901808649562,-5.96901808649562
110.98215039586,2.94937709846326,0,-5.5020054827784,0
156.630696579696,4.28675828307687,0,-4.33118879052717,0
108.349655889413,2.63224843430214,0,-3.85190392078272,0
32.9555678627635,2.8521899102917,1,-2.72120306326643,-2.72120306326643
-69.3672864494202,2.54020839709508,1,-4.79108981043188,-4.79108981043188
116.06598360355,3.01024494179783,0,-4.88493290354072,0
-37.0819418459273,2.59442738845717,1,-4.13552167138999,-4.13552167138999
-137.743594946439,3.15781004003226,1,-6.69504161957233,-6.69504161957233
55.6262232823741,1.84470956199648,0,-9.95435450641781,0
61.7196847429821,1.447913609664,0,-6.3703817068692,0
-181.519911172238,3.56729817718432,1,-7.92163550989591,-7.92163550989591
185.864114356667,4.95497098337578,0,-2.72906960432279,0
-73.5883052098286,4.38536126184285,1,-6.13059212849888,-6.13059212849888
147.048627583373,4.07706941377283,0,-5.06318864641151,0
-50.2643555107518,1.53647375164087,1,-3.68146760026231,-3.68146760026231
103.084511076248,2.61866408640775,0,-5.07662031943996,0
113.572869256827,2.86793929488897,0,-4.42185174899681,0
107.293319318861,2.74608348009677,0,-5.28269376190489,0
79.2215744082462,3.64751712596565,1,-2.25202536125613,-2.25202536125613
79.240137151501,2.02907952600805,0,-6.53032697018165,0
111.964872000374,2.33283879098536,0,-1.79839965183499,0
72.9147682910458,1.63052341953552,0,-4.81803572341808,0
-1.69788483853767,4.0153016306002,1,-4.26543516462717,-4.26543516462717
94.2980936271517,2.47256687263732,0,-5.72238171312058,0
-104.969254692404,3.84149178530094,1,-6.45972240672446,-6.45972240672446
53.0584800970571,3.33947166938214,1,-2.63837766640744,-2.63837766640744
100.355892317888,2.26719946998588,0,-3.64022199303823,0
115.874293181662,2.62832694422491,0,-2.59356652485092,0
132.42154201549,3.48755985530163,0,-4.43490200763026,0
3.19133183040858,3.8259767712206,1,-3.99902152954136,-3.99902152954136
-77.2872024022249,2.56625561835694,1,-4.99474480649415,-4.99474480649415
35.1043770281983,3.5000714295566,1,-3.1109473247532,-3.1109473247532
96.9570168012589,1.89328184552652,0,-1.83982677368927,0
17.4460922658452,3.57363374539881,1,-3.54849410983228,-3.54849410983228
-214.354023925469,2.73191922274273,1,-8.1420506959321,-8.1420506959321
-137.797996104785,2.29792861290461,1,-6.13882940178388,-6.13882940178388
7.87359016892983,1.96218386203302,1,-2.66306290297492,-2.66306290297492
84.8842701892786,2.88825332214748,1,-1.60737908425923,-1.60737908425923
129.257450013072,3.85635922955402,0,-7.41094112893588,0
-7.84928679638103,2.74182162162076,1,-3.54774857306829,-3.54774857306829
124.296439784252,3.57411827133019,0,-6.54785444721838,0
-307.915894927379,3.14759674870238,1,-10.4865048434458,-10.4865048434458
-60.7843051343275,2.68733357380752,1,-4.70016293093756,-4.70016293093756
31.8369175790134,2.78569638835836,1,-2.68744974289565,-2.68744974289565
145.343924696705,4.27579062789415,0,-6.71727734473223,0
-74.5274873549746,3.87950765410237,1,-5.81062364305507,-5.81062364305507
-119.61335171894,2.59741652209717,1,-5.91792462878697,-5.91792462878697
105.970919251652,2.95477579168565,0,-6.83457229536416,0
-18.0382705377676,4.25016913274923,1,-4.84571905008834,-4.84571905008834
-88.6179831734547,3.52559815019928,1,-5.87271207696758,-5.87271207696758
136.371893394398,3.48346708722412,0,-3.70104469160486,0
-77.7376323909795,1.93830077864061,1,-4.58104174018679,-4.58104174018679
-42.8470352993874,3.78704132739203,1,-5.08396212598298,-5.08396212598298
-27.2179877761321,2.22672863735517,1,-3.62575642504222,-3.62575642504222
92.2867156357031,2.64509226487236,0,-7.23801812190778,0
24.1441417550005,5.32084584130686,1,-4.55767001688048,-4.55767001688048
70.4294569215887,1.35716557692922,0,-3.78075651121963,0
110.889014525475,2.64827568976688,0,-3.45457107763977,0
117.310159693119,3.09699570079229,0,-5.05577246149861,0
76.1421770371283,1.84711389366356,0,-5.70905592418126,0
-21.7793147508155,3.90791291910063,1,-4.66050487368032,-4.66050487368032
21.4578731159498,4.69916121875797,1,-4.20963529392904,-4.20963529392904
137.18845521071,3.58248236584406,0,-3.84415862095648,0
129.049709663385,3.56273511722542,0,-5.62555594250901,0
-110.506977545702,0.91214785503347,1,-4.62316204621515,-4.62316204621515
-114.553857166708,3.663263371308,1,-6.57091357166702,-6.57091357166702
163.616395929732,4.41754193215361,0,-3.67809003457299,0
51.7017849664952,1.48544921883345,0,-8.41309627203346,0
-1.46886601691148,3.0494937668958,1,-3.61978538638181,-3.61978538638181
151.694943016508,4.32650242017739,0,-5.31667436388534,0
98.1571287939247,3.02783431026588,0,-8.55314275958822,0
47.4870404366652,3.08322997757658,1,-2.54729392792176,-2.54729392792176
26.6490967729563,4.85995035516349,1,-4.23470993222978,-4.23470993222978
145.536428492542,4.28850568631899,0,-6.59077888809869,0
-237.440052589458,3.87824103625014,1,-9.42254773479724,-9.42254773479724
135.249689496866,4.18906712939283,0,-8.26510860981392,0
113.042231026855,2.69281894509509,0,-3.27128295218248,0
128.897647680323,3.48701458094881,0,-5.30158818224804,0
91.9710377445678,2.69074550585545,0,-7.76757820403449,0
52.6912206811285,1.19749513502685,0,-6.68511178226398,0
2.70296302167185,3.00311144069454,1,-3.47255552545478,-3.47255552545478
130.887723758568,3.65814156669647,0,-5.6831752312196,0
-236.704377165828,3.35009769442139,1,-9.05778248564545,-9.05778248564545
118.481452329409,3.6668736780672,0,-8.37784906191663,0
62.1726271707959,0.970656638986028,0,-3.43598256578997,0
200.391890996001,5.13060910366454,0,-0.338902878757561,0
101.253945859804,3.21640860491883,0,-9.27481615797951,0
128.432234433233,3.69900918912666,0,-6.5605179286606,0
77.6071287539991,2.53255748976358,0,-9.59334530120712,0
-186.290676621187,1.96242225923011,1,-6.99890858673271,-6.99890858673271
74.3270625702494,3.90451957879463,1,-2.51463307474428,-2.51463307474428
40.1368289091491,2.76486710540281,1,-2.51587019269494,-2.51587019269494
-94.6489237918748,3.5273409187897,1,-6.02395071482069,-6.02395071482069
100.216163530828,2.43451566235155,0,-4.44420325801964,0
121.174595182169,3.82349839832044,1,-1.41724395724763,-1.41724395724763
48.8394289783042,1.323605054307,0,-8.08176473753767,0
178.666068384532,5.46178038091716,0,-7.26712650930806,0
-17.6521488324698,2.47646579871221,1,-3.59726547835995,-3.59726547835995
67.1723840695229,1.40432407423223,1,-1.03339030796234,-1.03339030796234
81.1461306114664,4.96590271219505,1,-3.09207947386338,-3.09207947386338
-173.415053367352,2.39406137850265,1,-6.97884959978591,-6.97884959978591
-206.338803798157,1.20539204997043,1,-6.93156365540707,-6.93156365540707
115.430537881779,3.28543922421706,0,-6.37224034225814,0
-136.008257907794,2.24254469400671,1,-6.03112811588288,-6.03112811588288
114.73261928337,2.77967246088845,0,-3.94700802106677,0
-143.229327857855,3.24810258573315,1,-6.91875269927754,-6.91875269927754
145.360602634317,4.19072933366425,0,-6.36673225308834,0
27.5718428617428,3.91788412832934,1,-3.52899350016971,-3.52899350016971
134.228932353937,3.32863455603052,0,-3.14379703279679,0
-290.069664708913,1.05410341152559,1,-8.68393389044335,-8.68393389044335
99.1482592789159,2.59395195354526,0,-5.62883356868218,0
-12.1402152958462,0.778571774330301,1,-2.30933048870319,-2.30933048870319
-99.4166048526707,3.50332431478147,1,-6.12271704314825,-6.12271704314825
-50.3137979332531,2.87651325380786,1,-4.58668368032185,-4.58668368032185
105.769047625231,2.80147281150449,0,-5.60994485935956,0
-126.866955919873,3.83609509987845,1,-6.94119838865521,-6.94119838865521
55.9267878570704,2.58174873271149,1,-2.04762619424785,-2.04762619424785
-141.867597895553,3.35033324852127,1,-6.95371307611383,-6.95371307611383
130.453141228626,3.40552784455841,0,-4.09767638535271,0
-16.5340799462639,2.85985070116184,1,-3.80386110645652,-3.80386110645652
108.192160918673,3.1133873849189,0,-6.94710708565347,0
2.03820109632596,3.72487952676191,1,-4.00754873113065,-4.00754873113065
-121.873220197727,2.81249325035351,1,-6.13506301641756,-6.13506301641756
103.879212608695,2.44085583164534,0,-3.89228637712961,0
141.082031296925,3.98982932719444,0,-5.72378132325381,0
109.581961456125,2.74508972163102,0,-4.56094642637984,0
172.154156887599,4.78558465308347,0,-4.01467423361533,0
75.3164878341794,4.00187366843181,1,-2.55838698431845,-2.55838698431845
104.200200789337,3.71272957941993,0,-11.6145651644869,0
118.026128372264,3.00914583638434,0,-4.40549717816428,0
155.431659604468,4.43611092439856,0,-5.84568932315084,0
-13.8127962887298,3.33268156180939,1,-4.1026998109003,-4.1026998109003
127.953816007943,3.81411380363608,0,-7.01885922593292,0
59.2903927691237,1.6549881983917,0,-8.03600514347789,0
121.537751023253,3.31137787900127,0,-5.60208076466603,0
-83.6075701513699,3.07251166935593,1,-5.47766081770888,-5.47766081770888
14.7922802071958,5.52700552413349,1,-4.90933542803179,-4.90933542803179
-102.134487110274,2.17720844409867,1,-5.32353832863543,-5.32353832863543
-252.948523723496,3.95392405502412,1,-9.83937507150148,-9.83937507150148
-39.3193047629553,2.32019518144366,1,-3.97491617601199,-3.97491617601199
158.359355889126,4.21088116428773,0,-3.4862856608109,0
106.707941209296,3.01093616252631,0,-6.5312078315764,0
-182.334875790073,4.22741513917171,1,-8.42968609600758,-8.42968609600758
-98.5646797107679,2.60609981992525,1,-5.48211028617746,-5.48211028617746
158.601615206322,4.04203388915813,0,-2.48036648598866,0
174.916080717485,4.68635100013978,0,-3.02440108965947,0
-52.9928036106541,2.49298937974867,1,-4.41108912920438,-4.41108912920438
162.520717950508,5.1299555595969,0,-7.9613523665681,0
-110.062117540673,4.47797116383732,1,-7.01122050445817,-7.01122050445817
-45.9823672019946,3.79636238018393,1,-5.09600564356792,-5.09600564356792
149.207786837622,3.88233442029069,0,-3.13345089739617,0
-216.899262081893,3.86218273828236,1,-8.97580514345716,-8.97580514345716
80.4462757447104,1.63865766573043,0,-3.74531856557553,0
158.980570674701,4.34700921646023,0,-4.11698272957796,0
-60.3235651153762,2.74505795962519,1,-4.72183754199877,-4.72183754199877
118.933218595258,3.40436240096082,0,-6.54710935859373,0
158.44777742256,4.09546684154417,0,-2.75994510553852,0
101.834413441309,2.41993408380591,0,-4.15506428349054,0
-185.239727068746,2.25035022811193,1,-7.15812496529828,-7.15812496529828
4.48777142663777,4.14395835097919,1,-4.22813641286143,-4.22813641286143
122.825012711585,3.69208750273351,0,-7.46395126132095,0
75.8335703778345,2.08129274945576,0,-7.25043133491127,0
-104.915386920475,1.22887479011768,1,-4.71070066085534,-4.71070066085534
-99.4024078476005,1.43148985264579,1,-4.74981577291192,-4.74981577291192
51.5852235782602,3.91634377300751,1,-3.01090251106049,-3.01090251106049
-220.756791079211,1.18237825101137,1,-7.23924275536168,-7.23924275536168
-146.912101322323,1.69449172859373,1,-5.9845489017216,-5.9845489017216
-120.678822520815,3.65787117165226,1,-6.66696048930625,-6.66696048930625
77.3745877824269,1.77381787454525,0,-5.55823863101389,0
123.37366662815,3.06339511583609,0,-3.86294411408163,0
153.165945259724,3.58751096853016,0,-1.04074650595794,0
-33.520406077269,2.28046144288838,1,-3.7940065577534,-3.7940065577534
-38.0841626075614,3.44413099360865,1,-4.69258869496323,-4.69258869496323
91.7765840254504,2.46565303589843,0,-6.46842903891945,0
98.2897576165511,1.92469321126069,0,-2.05984713420546,0
50.6920433401811,4.18938813733991,1,-3.26063559429964,-3.26063559429964
-44.9224300159264,3.73023221393201,1,-4.98230343453023,-4.98230343453023
97.4605193569101,2.75345999095471,0,-6.70645226628407,0
141.217168292794,3.26983694342092,0,-1.32616872512422,0
-69.4750138820643,5.02703790080542,1,-6.46271735315549,-6.46271735315549
-212.52284605363,2.20407542981848,1,-7.72362689757729,-7.72362689757729
108.665777141754,2.80242288601464,0,-5.08200125828324,0
-67.1140901396533,4.03190512737501,1,-5.72742050671461,-5.72742050671461
-86.5953765298055,3.41711759261078,1,-5.75553746126688,-5.75553746126688
54.1134913074221,4.83110142200602,1,-3.57059074618558,-3.57059074618558
32.1608482756197,4.54824953864282,1,-3.87617821748959,-3.87617821748959
99.3172951637882,5.33985715649678,1,-2.9259874418543,-2.9259874418543
140.159415395205,3.97342614368492,0,-5.80174856570241,0
74.4500624839698,2.11819510122953,0,-7.60679215212753,0
-105.313968559333,2.42036641513678,1,-5.50847124427782,-5.50847124427782
171.098567071443,4.10187839082588,0,-0.252810676158607,0
-11.781881131778,3.3131686596986,1,-4.01299345609997,-4.01299345609997
-61.6830592169094,3.45777499870569,1,-5.24795645581627,-5.24795645581627
118.160360669723,3.07576731087134,0,-4.34242955326862,0
154.862614575968,4.04142793333787,0,-3.14221562041043,0
-1.1877000462082,3.62417398296274,1,-4.02214881055718,-4.02214881055718
-88.0666722549652,1.22764221958944,1,-4.34967849412596,-4.34967849412596
61.843080342188,1.32646415534128,0,-5.61232319856489,0
163.06426924175,3.86904861699077,0,-0.741368359595273,0
-82.4261881235802,3.25804734324939,1,-5.54675846512741,-5.54675846512741
98.1335507706008,2.89896809170056,0,-7.65111972311486,0
134.508827457783,3.72239364503328,0,-5.51113072124775,0
87.7455590791404,2.3736007694842,0,-6.66415590758653,0
-1.43957085657214,5.25558129137175,1,-5.11415890204753,-5.11415890204753
100.155774111359,2.03417569919111,0,-2.47508466703468,0
-23.7130745579193,3.94120005433535,1,-4.70437214907318,-4.70437214907318
-41.0368905563675,2.99264037269005,1,-4.45506689289439,-4.45506689289439
153.515346161828,4.3142577795801,0,-5.00757040728577,0
88.5381329144695,1.79509049494583,0,-3.22629281552843,0
-22.9577537888943,1.71844122698633,1,-3.24371226469897,-3.24371226469897
98.0468533313182,2.61514346162871,0,-5.86835712165462,0
90.8080139070573,3.88464518632869,1,-2.13698687291287,-2.13698687291287
92.4795075542287,1.80988731277304,0,-2.3225832224776,0
-77.8315568192112,2.3720644461554,1,-4.85466505205452,-4.85466505205452
116.990348371888,3.04451923299845,0,-4.50925318867687,0
177.788219636614,5.41779998155421,0,-7.2171591550005,0
70.3669591281896,1.88688687966798,0,-7.13436795491,0
-9.10690196615592,4.19940993269307,1,-4.53899133858306,-4.53899133858306
100.047111326767,2.63407549404625,0,-5.79667196571409,0
-218.955940774389,3.16109281947089,1,-8.52072949773818,-8.52072949773818
103.69512327408,2.99293077310844,0,-7.1824724213099,0
78.052194052503,2.46982271630401,0,-9.11870424615132,0
119.821446565434,3.02361509127979,0,-4.41051679765053,0
125.817650351303,3.21299199453426,0,-3.94268362050157,0
72.0672540915366,2.01090865180856,0,-7.39811811301535,0
-123.283522059145,3.32425922648442,1,-6.49225822673905,-6.49225822673905
104.845291882261,3.30575607827128,1,-1.44541372584374,-1.44541372584374
-7.08980913882803,3.19965450011201,1,-3.84518866070957,-3.84518866070957
103.03193362672,2.56228756990066,0,-4.50503294510866,0
103.528033141068,2.63660533839688,0,-5.1753963389524,0
106.745973848969,3.82409106824197,0,-11.8127818707441,0
-5.80459524235848,2.68881568239177,1,-3.46172457703057,-3.46172457703057
148.604983633572,4.06961827645571,0,-4.70587265388049,0
96.9280470336819,2.36445687575061,0,-4.79253476893446,0
89.1724091205831,2.16665011149366,0,-5.34731018498863,0
75.2868438299706,2.08393829630547,0,-7.13734167805289,0
6.03100841827659,2.87107757513078,1,-3.32300301007776,-3.32300301007776
79.1279487237984,2.26403707054895,0,-7.67246128610601,0
-79.3255859988287,1.88778546175711,1,-4.58167426346136,-4.58167426346136
66.0971435294309,4.69874898679391,1,-3.22953372766563,-3.22953372766563
-108.020122981775,3.2950426478985,1,-6.17820798840127,-6.17820798840127
125.241930030346,3.36423294011728,0,-5.07158395716968,0
123.375503630732,2.89952241615509,0,-2.61179181954485,0
121.88622038123,2.961081651554,0,-3.68323720978274,0
41.6711002944698,1.32190473804225,0,-9.46784571877047,0
93.9379318387761,2.33540417425468,0,-5.24627644459853,0
53.7748785346894,1.13627720005604,0,-6.11570315065263,0
127.869781324236,2.77677248800012,0,-0.969807548461997,0
117.733903352753,2.80229540879704,0,-3.26623071906264,0
33.9206896752578,2.06818698037909,1,-2.16333220771994,-2.16333220771994
99.0176427928238,2.3552511251407,0,-4.14777429728907,0
152.865122254057,1.92389528745366,1,0.580556868340086,0.580556868340086
155.523044870119,4.27776223485292,0,-4.47041414359126,0
157.156474251905,4.07988268273234,0,-2.96518851355411,0
139.067388215288,3.76325240025041,0,-4.73463880072368,0
75.5292197049355,3.92910310467662,1,-2.46691816452587,-2.46691816452587
95.0607105086355,2.03564396313564,0,-3.4711663152619,0
-1.24589324131232,2.0505148396005,1,-2.947555236186,-2.947555236186
141.356514420964,3.76487744912752,0,-4.58480134657389,0
111.123492226236,3.02816473267321,0,-5.8110652356288,0
-3.32537180047616,1.97938239544472,1,-2.97678205403454,-2.97678205403454
104.429748049961,2.49206247519491,0,-4.27321788446202,0
-50.8337764165095,3.71573247887703,1,-5.15382947588661,-5.15382947588661
-48.3682279476112,2.96552639176681,1,-4.62332870239676,-4.62332870239676
-162.680437788659,2.10497215370527,1,-6.5847515818398,-6.5847515818398
138.818071877667,3.77313231719652,0,-4.88477627236038,0
88.9927516391695,2.28774219665937,0,-5.74810971920075,0
-210.8569585327,2.66639717556927,1,-8.01378807161826,-8.01378807161826
158.126413969969,4.03187635439443,1,-0.718152274446165,-0.718152274446165
-75.4670283330129,3.39293651157248,1,-5.47317393156001,-5.47317393156001
123.003924011327,3.02628080572515,0,-3.61509058983919,0
113.5781318027,3.17301887820516,0,-5.94404362311926,0
110.788465250408,2.87935033336641,0,-5.14473744419456,0
5.70037834476531,3.10843353831311,1,-3.51134605408544,-3.51134605408544
-67.7247649268368,3.25193802049352,1,-5.23008917660573,-5.23008917660573
103.90519687166,3.04300805864432,0,-7.29153545609081,0
103.886611285482,2.51604065528196,0,-4.3789833326675,0
-121.649011500612,2.43877525697801,1,-5.87201616610963,-5.87201616610963
-48.196133569144,2.59168218229802,1,-4.36697973670841,-4.36697973670841
-22.3775499419195,3.86767752604402,1,-4.61467911401178,-4.61467911401178
72.8295500413176,2.13366032899787,0,-8.16758025112606,0
-1.17911087266336,2.92049898599134,1,-3.52926824086953,-3.52926824086953
-165.520011955302,2.19920770243171,1,-6.70348222279367,-6.70348222279367
92.1847670478149,2.2967427788927,0,-5.1780890493525,0
104.949355412395,2.48250012240324,0,-3.76708165382843,0
163.040308946464,3.72631407031499,0,0.086470461477572,0
93.9382525020632,1.89497863934783,0,-2.33312401507325,0
90.2183486550621,2.18697562778231,0,-4.79975823157511,0
63.8719471612818,4.38973915051175,1,-3.04995387928094,-3.04995387928094
136.336926129019,3.635330715853,0,-4.83340106676719,0
131.338828617229,3.19074067020645,0,-2.4921938385534,0
-198.067287035136,1.42549992841199,1,-6.90496407308614,-6.90496407308614
28.5346126062882,2.60364259483764,1,-2.60659448897571,-2.60659448897571
156.233871239802,4.2274624253302,0,-4.04329806200936,0
104.400836862607,2.66331812832933,0,-5.17190809518977,0
-86.9513458300868,2.93220084810962,1,-5.42885349214133,-5.42885349214133
128.94288456771,3.66447657535159,0,-6.24720180222645,0
138.949447427476,3.73371791884121,0,-4.50614869897174,0
-85.8505085865922,3.54771816879739,1,-5.78773618022187,-5.78773618022187
133.515586024228,3.4878312916662,1,-0.929591891400999,-0.929591891400999
-74.1744211406779,1.30869840151594,1,-4.04690327703256,-4.04690327703256
-106.672692592596,4.4482797806259,1,-6.84298487993436,-6.84298487993436
134.164304008413,3.21226998020007,0,-2.40081977817109,0
-37.5899036867732,0.954590980290531,1,-3.02185780105277,-3.02185780105277
-123.549449958977,2.72241278110919,1,-6.09962222336889,-6.09962222336889
-169.687677987029,2.67917182610789,1,-7.13011567842304,-7.13011567842304
121.331960020259,2.73626002253061,0,-2.33163766430152,0
77.9743652565258,2.87250825803854,1,-1.75993431519863,-1.75993431519863
153.720509231258,4.03874559119402,0,-3.18693968561743,0
78.6392257785538,2.82635224277747,1,-1.74610537446052,-1.74610537446052
49.6554992462617,1.1731433235905,0,-7.44861004633239,0
126.630437601391,4.03514236006332,0,-8.97107238382481,0
-39.7705614375524,3.87925674922155,1,-5.05427990478708,-5.05427990478708
-30.9535782806019,2.13597399646854,1,-3.69314067996608,-3.69314067996608
134.606647190435,3.68494575464795,0,-5.04753645294433,0
-66.8503633051892,1.27234748572864,1,-3.87229317270054,-3.87229317270054
-237.041243329272,1.93199392794259,1,-8.10395492330858,-8.10395492330858
-90.622856016227,3.45216611244796,1,-5.8660447547608,-5.8660447547608
52.8912429540327,3.66973522498396,1,-2.86665515058232,-2.86665515058232
-210.765954159102,1.96894771015225,1,-7.53819244792098,-7.53819244792098
109.000963903109,3.84533386324565,0,-10.9644491310579,0
-28.28385868968,2.80468467513027,1,-4.04940553245197,-4.04940553245197
-226.618959860118,1.77022884185411,1,-7.77673697409383,-7.77673697409383
-77.2965482314926,3.66224568423682,1,-5.73414731352471,-5.73414731352471
-121.496020983564,2.52918617547633,1,-5.93626874184812,-5.93626874184812
-45.7459447321417,1.49576763862127,1,-3.58777408902421,-3.58777408902421
180.939276794016,5.04826515306733,0,-4.30939971813094,0
108.601678778063,3.11985962295268,0,-7.10890833970108,0
10.4189930558223,3.8836124072331,1,-3.90616438286009,-3.90616438286009
95.9343352526093,2.58590705061931,0,-6.26600487901501,0
-106.79744456135,3.22275811294832,1,-6.07326651137206,-6.07326651137206
-64.1073838379091,1.76767008388761,1,-4.17738741849779,-4.17738741849779
126.81046915065,3.46819641988009,0,-5.34187520071114,0
147.470301422707,3.76977280391299,0,-3.03814460512941,0
176.009527952629,4.84982356921386,0,-4.14932864769547,0
116.594028290165,2.88950497634362,0,-3.93021505464285,0
155.325724123168,3.75626293407901,0,-1.57204036936453,0
170.160313172495,3.97599846995785,0,-0.0410908093014104,0
-78.4501152196491,4.35022082695156,1,-6.22008610301327,-6.22008610301327
-27.7083379666967,1.96946418441684,1,-3.47671660984583,-3.47671660984583
110.822668995469,2.31820304190684,0,-1.49973930476825,0
129.596220903371,2.99011104176097,0,-2.53613141319699,0
-70.2910106784223,3.39394985377528,1,-5.39225578248055,-5.39225578248055
94.0449787070828,2.01274467247163,0,-3.50021275153809,0
101.136691027843,2.49539971421545,0,-4.6585060194113,0
3.98857644504371,2.40696403249487,1,-3.05360729243829,-3.05360729243829
142.593399743974,3.481904423029,0,-2.63392151927132,0
-112.158635827547,3.81294426026425,1,-6.58968937292795,-6.58968937292795
-140.225710574449,3.4369026431009,1,-6.98866918593277,-6.98866918593277
-126.430801813442,3.65897193448768,1,-6.82484107733816,-6.82484107733816
156.962010330415,4.02407127968274,0,-3.05340998145102,0
128.173842727692,3.46884748931793,0,-5.51497261110308,0
92.692240437883,2.73293727283116,0,-7.61488309673618,0
78.0012152530322,2.18676493560745,0,-7.6231496999741,0
-157.455518466195,2.58315938994699,1,-6.74651875851255,-6.74651875851255
169.122504683337,4.5469326730067,0,-3.44594647286348,0
84.7706228529053,2.33341129150415,0,-7.16385997976464,0
-100.25449985655,2.13877151474179,1,-5.21671601208616,-5.21671601208616
49.7593833427524,1.30381450347351,0,-7.50491475227837,0
121.269964929946,2.94820647640484,0,-3.18493571332325,0
81.5541961447592,1.8758651810758,0,-4.59036553778515,0
112.199293412199,2.43017963338835,0,-2.23382459309349,0
131.970112204413,3.67529770374491,0,-5.35083365920554,0
86.7171492958594,2.52142163264031,0,-7.58523115330981,0
-55.7378029800277,3.07895609418708,1,-4.84647862063985,-4.84647862063985
80.4119442994585,1.44156807926027,0,-2.66843517620184,0
151.354901745581,4.41958292957941,0,-6.15537672158975,0
189.459581171045,5.21029591212787,0,-3.33042093612097,0
-46.3734691908589,2.69688395403427,1,-4.38005946495131,-4.38005946495131
120.281605371593,3.58628607117266,0,-7.563667309576,0
-44.317923896819,2.3625023092076,1,-4.08323275890177,-4.08323275890177
-2.09603568832392,1.62327071520339,1,-2.68806281087656,-2.68806281087656
108.329773221792,2.79422469999034,0,-5.28030101678616,0
-76.3979180361931,2.18725052093435,1,-4.69081726769194,-4.69081726769194
-142.585502576637,2.48429881505644,1,-6.34340348354822,-6.34340348354822
55.1373764872409,4.6716558427327,1,-3.44304639946738,-3.44304639946738
103.457574825005,2.70787461708768,0,-5.73065597031982,0
-164.038106608525,3.80603019865942,1,-7.73889821757938,-7.73889821757938
89.9435294965091,2.77716954768248,0,-8.92469221992518,0
78.1014452721671,2.26883499095012,0,-8.33217590933758,0
118.453848704436,3.10107167834161,0,-4.71118775904456,0
114.118264104599,2.91001167801446,0,-4.62142260566772,0
110.372264673925,3.30068415693404,0,-7.90949194609925,0
-127.783742406231,1.90911544896891,1,-5.63439728369349,-5.63439728369349
-85.7590027036586,3.36011892255031,1,-5.68508244792551,-5.68508244792551
-181.076033683292,0.214546738604176,1,-5.72242330916388,-5.72242330916388
186.682450297003,4.20537824020447,0,2.19558725854776,0
72.7674280280879,1.7874633671385,0,-5.83696204655395,0
161.622496087045,3.96807597184502,0,-1.50088140304939,0
102.194907259164,2.52745626043137,0,-4.82803795566233,0
-181.643543673738,4.13411533692041,1,-8.34593486624637,-8.34593486624637
152.778930023837,3.78552674779706,0,-2.33334467741278,0
-105.46697899911,3.73375864148915,1,-6.37736201878498,-6.37736201878498
188.124290235111,5.64795603292194,0,-6.21348204547918,0
-130.021599235211,1.70276338405557,1,-5.58728032248942,-5.58728032248942
116.665992300866,2.72339058966073,0,-2.94338838407712,0
-84.2641816873734,3.96712494704641,1,-6.06996659570229,-6.06996659570229
-0.588427126536059,3.54235576440752,1,-3.97422598789361,-3.97422598789361
158.599330935381,4.71451028836178,0,-6.60879627248582,0
117.12778138559,3.35504567026975,0,-6.50866608035606,0
-95.9002163399572,3.43119058150338,1,-5.95786498788747,-5.95786498788747
116.625817327543,3.23191232153532,0,-5.91790660298232,0
103.422207086329,2.19191996167906,0,-2.8390683557662,0
149.929322064043,4.24908825398824,0,-5.62598108654686,0
110.667110115742,3.65009000572937,0,-9.64726558648665,0
54.7503194415795,3.58998957413423,1,-2.73640411652194,-2.73640411652194
160.101707845119,4.04718122990973,0,-2.4119920185887,0
143.640625725958,3.62867107630073,0,-3.01408474416966,0
-154.807907049681,2.06158221067953,1,-6.36356261204824,-6.36356261204824
-106.128873230225,1.98353117626799,1,-5.22499611943158,-5.22499611943158
-112.927919840539,0.726501435965253,1,-4.56015993532565,-4.56015993532565
-301.25110316045,2.46468268758964,1,-9.90029435094842,-9.90029435094842
148.282965865511,4.33284192694511,0,-6.35496840954079,0
-66.7954052411173,3.31023457460643,1,-5.26366253752401,-5.26366253752401
-176.77534123297,2.84515572280409,1,-7.38582423864209,-7.38582423864209
124.287112606822,3.40791649158609,0,-5.21209305762034,0
119.800984303007,3.24579611041749,0,-5.30009704328436,0
-221.650036085606,1.91890368410996,1,-7.7747804572331,-7.7747804572331
-125.915929808929,3.58283592109397,1,-6.70962510099097,-6.70962510099097
73.7718667545742,3.80786832109982,1,-2.45453558748861,-2.45453558748861
113.894898788064,2.54539664012499,0,-2.40743990630369,0
72.2743199223277,1.71029736031278,0,-5.72987962776683,0
26.2951352580584,3.39905315274876,1,-3.20043776259325,-3.20043776259325
128.353964958496,3.46141366203583,0,-5.3222996482787,0
-170.114050528161,1.23734936250052,1,-6.16817704047596,-6.16817704047596
-81.8487599559904,2.48981179576822,1,-5.05668638122841,-5.05668638122841
84.4289179403296,2.16180946573695,0,-6.09646018839031,0
85.4910095772993,2.14882208600926,0,-5.73848231953774,0
67.4927847104707,1.3864727079717,0,-4.73492760340502,0
-133.285515720862,4.7364929309231,1,-7.6927501523252,-7.6927501523252
89.6192079776941,2.44153769240655,0,-6.74840699145301,0
116.573269214872,3.20512443263509,0,-6.29450804734675,0
106.50815253398,3.7459796832541,1,-1.72688127779473,-1.72688127779473
61.183732519736,1.8564379027698,0,-8.67768347104909,0
103.415465890824,3.64914660807669,1,-1.70204314312492,-1.70204314312492
102.448740987945,2.52364756800665,0,-4.73880495118419,0
-0.61483544143202,3.36261737105286,1,-3.82731061476534,-3.82731061476534
-144.14844067375,2.41468177077669,1,-6.37057984374492,-6.37057984374492
160.015666748478,4.24994434518034,0,-3.37103139410396,0
97.9369900580473,3.19509996389529,0,-9.38894178340145,0
-175.49924064721,1.37416363321692,1,-6.37056448096418,-6.37056448096418
134.085239743227,3.44064539086444,0,-3.89778663324881,0
-50.6245086173906,3.61718996780936,1,-5.08911511664216,-5.08911511664216
60.3840929989875,2.54857073589198,1,-1.87722064545412,-1.87722064545412
113.928337078182,3.43704354599197,0,-7.75989660305232,0
93.609127327592,2.06409079726721,0,-3.92087165287321,0
-146.07130569501,3.0384653279198,1,-6.84187416446574,-6.84187416446574
-217.120268156379,1.36580800375895,1,-7.29222083812483,-7.29222083812483
-68.4432033133686,2.40570518213306,1,-4.66863339256261,-4.66863339256261
164.469480525181,4.3901316525804,0,-3.90831228212795,0
86.7354365762705,1.781261975021,0,-3.31559724355791,0
-93.5610676209285,4.03385175255602,1,-6.31694965769943,-6.31694965769943
-8.713221968128,2.1586556055367,1,-3.21734375662425,-3.21734375662425
135.550989626546,3.59978592730139,0,-4.41249983665653,0
152.888212109249,4.07266694125028,0,-4.05606208391692,0
-52.0432612080077,3.5423111552842,1,-5.04771868752924,-5.04771868752924
138.951686792037,4.00312602837017,0,-6.14268692713005,0
139.847918078481,3.64952919777097,0,-3.80627757239619,0
-15.4313448829248,3.6948104886975,1,-4.3499847648048,-4.3499847648048
29.1643855145429,4.57294352373072,1,-3.96451033983322,-3.96451033983322
-98.8349669377282,2.03070887926209,1,-5.08805884620025,-5.08805884620025
-55.8372867647499,2.45511182879654,1,-4.40973143921317,-4.40973143921317
116.556928732658,3.51245853685671,0,-7.79339309290255,0
-25.1697744629942,4.12521756842721,1,-4.8600841683345,-4.8600841683345
112.355874728821,2.99672119727748,0,-6.00901138037171,0
-78.3409659838415,1.67792341533907,1,-4.39828781457917,-4.39828781457917
110.110040368762,3.15448652219232,0,-6.99516789759117,0
-204.241563873676,1.80109889977184,1,-7.30408235119334,-7.30408235119334
136.969584179637,3.35798534955365,0,-2.6449018420656,0
-264.548208401052,3.10865311092194,1,-9.48782086150048,-9.48782086150048
120.967116722402,2.5022509389007,1,-0.500406573364804,-0.500406573364804
117.468682680767,3.14298476863584,0,-5.61312799320724,0
-57.5412289443188,1.95923406879005,1,-4.16872457649335,-4.16872457649335
-0.97819320234365,4.11536750700569,1,-4.30356066388326,-4.30356066388326
-118.084442968326,2.19296756370403,1,-5.62588009565995,-5.62588009565995
80.0995680303767,1.97198223578708,0,-5.5566857952171,0
53.8988296959073,1.37969513157815,0,-7.39722979301518,0
152.153843231453,4.21118468282781,0,-4.64199242089427,0
166.998000170707,2.99671002396089,1,0.162563083463773,0.162563083463773
166.107889387663,4.52940919178736,0,-3.76867668738601,0
-57.4043731497159,3.31220220348191,1,-5.02952804812219,-5.02952804812219
128.966571745825,4.23627945330919,0,-9.39589594167835,0
131.853186074293,3.73967493538319,0,-6.02727749817257,0
-89.5528226735248,4.1479737528377,1,-6.30017518097836,-6.30017518097836
33.7642130524713,3.63261088258363,1,-3.22983787407017,-3.22983787407017
-171.486210197252,4.41376392609218,1,-8.27606497434691,-8.27606497434691
-93.8804290003587,3.49796024954456,1,-5.99450609174756,-5.99450609174756
170.919317882271,4.88515535855048,0,-4.82683962949453,0
-160.233165453626,1.95207567630862,1,-6.42329116511264,-6.42329116511264
-123.201312558326,3.84034776044132,1,-6.86282586274057,-6.86282586274057
88.0140043050451,4.90799246575744,1,-2.86547171882844,-2.86547171882844
-109.015739170978,2.61899881219452,1,-5.71246704996656,-5.71246704996656
131.31155122925,3.60420084425619,0,-5.23822027402222,0
146.983829195763,3.86797316654876,0,-3.51156120347823,0
65.8405627426645,3.93891496084578,1,-2.71287072370694,-2.71287072370694
-7.54148039214158,3.27112712232074,1,-3.88875170701934,-3.88875170701934
-30.5847709227623,1.24700244570954,1,-3.05682929162337,-3.05682929162337
117.438731718417,2.63046427204823,0,-2.38040465038821,0
81.6790944255963,1.45073119952286,0,-2.49654026435425,0
-37.1715806580529,0.471780192038622,1,-2.68713356643633,-2.68713356643633
63.9867152006926,1.59726944702154,0,-7.05047485533209,0
172.315352446056,4.30900039586455,0,-1.11209511689375,0
115.388218954002,2.76250629991737,0,-3.53237284903232,0
-154.695073307085,1.06223045111171,1,-5.65200286640481,-5.65200286640481
125.57199597017,3.770420588388,1,-1.26926687095012,-1.26926687095012
-54.1974633704621,3.68781598393429,1,-5.19036015663302,-5.19036015663302
114.854259321701,3.10300080256813,0,-5.534125416584,0
65.3040897246941,4.17480807096939,1,-2.90555963117595,-2.90555963117595
14.4548812380702,2.63025134168015,1,-2.96776815122531,-2.96776815122531
-172.120800526526,3.62188775219384,1,-7.79756761664291,-7.79756761664291
157.323681199193,4.06681844179055,0,-2.73566989539966,0
-226.671419233871,1.54803781728063,1,-7.600542728208,-7.600542728208
166.531136644067,4.77061896990482,0,-5.61114500820596,0
167.847918795941,4.4367372893828,0,-2.97333333871709,0
109.104170876132,2.74295943433234,0,-4.98986016143213,0
-57.4567433923631,2.94499355682457,1,-4.81995468595749,-4.81995468595749
-108.070582360622,3.06809463902411,1,-6.05043465199286,-6.05043465199286
143.331087772999,4.27678248809511,0,-6.93719027250619,0
90.1384183882259,2.30206660641187,0,-5.56789619160179,0
17.1115489238,2.33397877758603,1,-2.75456999356018,-2.75456999356018
118.458001124695,2.91487215647539,0,-3.71418920938704,0
154.997920703107,4.22112975661572,0,-4.64628163904391,0
103.344063241444,2.83167546619026,0,-5.98820237806959,0
82.8919991430442,2.57619061663046,0,-8.68878258242861,0
107.601885456773,2.52794410900653,0,-3.71729429056148,0
-51.2283726829752,2.30441594282123,1,-4.19779938003347,-4.19779938003347
7.26533563197099,4.08434522585608,1,-4.14098385009277,-4.14098385009277
-284.946200840518,2.54469273952093,1,-9.56787973748251,-9.56787973748251
6.3148304605644,2.33942125115449,1,-2.9796648267677,-2.9796648267677
94.4108905704761,2.41763485854965,0,-5.76730215638347,0
-90.5997241648812,3.95757365340682,1,-6.19392854313601,-6.19392854313601
112.403821300376,2.78276925538723,0,-4.44414698057947,0
-94.4916510126076,1.82087061446226,1,-4.83121456870554,-4.83121456870554
-45.8269290118359,3.37805946105964,1,-4.80931009120179,-4.80931009120179
68.9923229335469,1.15841008265414,0,-3.24199713008319,0
135.570789647098,3.80568753191467,0,-5.73697524492765,0
97.7907890799568,2.58430443860492,0,-6.19340311934145,0
-61.1775722884788,2.3677769949338,1,-4.47103910093969,-4.47103910093969
103.10275903366,2.99528866583234,0,-7.20404995316419,0
-165.584495434221,2.29341298965524,1,-6.79495727398039,-6.79495727398039
111.745628929841,2.69222809392792,0,-4.01948751543437,0
98.7063199827239,3.1398199198752,0,-9.11748804494291,0
117.116310102074,4.66791747332453,1,-2.06638815311689,-2.06638815311689
-36.1074816819512,3.3440695842454,1,-4.56923326474904,-4.56923326474904
101.908501045898,3.03729804083253,0,-7.93257814914463,0
105.524856670645,3.03296456905248,0,-6.69183478890843,0
-42.5970582298655,1.69556308796033,1,-3.63759536836546,-3.63759536836546
-129.774605017289,4.17412466766885,1,-7.18887603604395,-7.18887603604395
160.258474884756,4.4381894162087,0,-4.4432495914183,0
110.519244612265,3.2251442730325,0,-7.21100125452406,0
109.379621420794,2.84607423658924,0,-4.79094196045757,0
87.6583789279233,2.55659235865889,0,-7.85635397188884,0
-35.0807106044897,3.96852383063187,1,-4.96913054397386,-4.96913054397386
129.984286029473,3.96991944912009,0,-7.45712265235089,0
157.393907874653,4.3476069268782,0,-4.59918020930377,0
-139.097849201096,2.38648182942765,1,-6.21757954383811,-6.21757954383811
113.684031773778,3.38466460288584,0,-7.45304335990417,0
23.1809682044216,3.89398384100662,1,-3.6641783079362,-3.6641783079362
-126.507080172526,3.0518372082753,1,-6.37324009484204,-6.37324009484204
74.0563921271865,2.09151397733995,0,-7.9098285262406,0
106.079910037412,1.79436446539475,1,-0.401862975628405,-0.401862975628405
-12.1248718722746,4.79415382493243,1,-5.05574176888735,-5.05574176888735
-183.592808166181,0.869719994199192,1,-6.2491153012929,-6.2491153012929
45.7675617534302,3.96030372854923,1,-3.18538716837146,-3.18538716837146
-151.38660947038,3.03346467775829,1,-6.91781002762221,-6.91781002762221
115.42122892569,3.2480266745065,0,-6.49198363666742,0
53.4679998757478,0.65689493754987,0,-3.23815196663665,0
113.296543511064,4.16844260571121,1,-1.82166228543499,-1.82166228543499
-134.736168469784,3.45525967876306,1,-6.85333552674964,-6.85333552674964
122.756926772642,3.13358203302373,0,-3.95233790699116,0
94.7131300656976,2.81923080582274,0,-7.84353436915215,0
-131.39794635412,2.42684251482768,1,-6.09742352737084,-6.09742352737084
13.8870427140359,2.07541879252391,1,-2.65089717250194,-2.65089717250194
-36.0589469851157,3.35979845593901,1,-4.57182323565577,-4.57182323565577
-94.4003545032642,3.07173392907501,1,-5.72268998145408,-5.72268998145408
135.685823907811,3.61005867481121,0,-4.68674157666368,0
152.136918798189,3.98034465137251,0,-3.19487611117081,0
82.1516822591226,2.04438077603735,0,-5.64105250306963,0
126.321173237045,3.07424569276882,0,-2.95444515550123,0
-144.804734673898,5.50880699105683,1,-8.42309584058018,-8.42309584058018
-19.5441657235229,3.24513154148403,1,-4.20257468961358,-4.20257468961358
74.5301342615246,2.03364084967568,0,-7.28721942301786,0
-134.778085310369,3.21111561732514,1,-6.65995301227811,-6.65995301227811
-87.1425178691604,2.20674297154347,1,-4.95245805816356,-4.95245805816356
93.0677892778842,2.72736916075584,0,-7.71289058173036,0
126.124043770456,3.60078952958715,0,-6.47905670741059,0
-22.599245234818,3.15269953125058,1,-4.15677108909622,-4.15677108909622
122.885915608728,3.93532628828252,0,-9.33262290001158,0
63.9755716658235,1.60001671206662,0,-6.73151300825217,0
156.604149787709,3.75865277931712,0,-0.986652346674985,0
-49.2848737579883,3.07437349845743,1,-4.71072549458248,-4.71072549458248
-109.962964369142,1.88635299699309,1,-5.26258408869841,-5.26258408869841
-113.41015592649,2.71270106430838,1,-5.8776967481346,-5.8776967481346
-153.864103639083,0.797038475792684,1,-5.50756250955586,-5.50756250955586
-147.684660359788,3.05239140369953,1,-6.86680869156927,-6.86680869156927
-51.1907431431739,3.78817528716871,1,-5.21158568829324,-5.21158568829324
-42.5168330284645,1.59366820748706,1,-3.54460300365043,-3.54460300365043
-17.7390568316017,2.41015697613386,1,-3.54909804090052,-3.54909804090052
-134.682207314894,3.00185439664399,1,-6.57362160215087,-6.57362160215087
143.9998817939,4.2779228006524,0,-6.59794710409995,0
106.839669730216,2.43529316829208,0,-3.33439457142617,0
45.38500232414,3.55044807610373,1,-2.87318190762103,-2.87318190762103
-18.8301183685096,3.18124385524363,1,-4.08265805012967,-4.08265805012967
140.337676249773,3.60565868242314,0,-3.73162038142998,0
168.676864063268,4.62254017674877,0,-4.14615765241706,0
-115.992680473495,2.73379668810631,1,-5.94251800616821,-5.94251800616821
5.25650343232958,2.59987782207717,1,-3.20641493537302,-3.20641493537302
73.6544787284932,1.37891042576121,0,-3.87527017032771,0
-133.79750579664,2.58229912633684,1,-6.22452127996048,-6.22452127996048
-158.075119245754,2.12666994202893,1,-6.52089719028445,-6.52089719028445
14.6573953349579,4.74390560941611,1,-4.37938871369386,-4.37938871369386
59.6514899591093,3.88060439776194,1,-2.82632778716157,-2.82632778716157
27.0198474493894,4.64273237455672,1,-4.06762869421484,-4.06762869421484
161.479680138401,4.58708792430026,0,-5.55583668134002,0
18.0774863509655,0.731052644446929,0,-10.8120137725243,0
-130.846293595358,1.87486258360415,1,-5.72916825080653,-5.72916825080653
76.4340112806573,3.12479894131541,1,-1.95930753930694,-1.95930753930694
-98.9779466837199,2.79586126991386,1,-5.62688924948928,-5.62688924948928
-35.5932516493909,5.02830813440415,1,-5.70764058089931,-5.70764058089931
172.250510802903,4.8390450810018,0,-4.9425625069133,0
111.093104226451,3.33709600399507,0,-7.8479986471645,0
-123.592101853679,2.25161634742431,1,-5.82506579064745,-5.82506579064745
151.227561446854,3.95339012924659,0,-3.0430415595576,0
103.365313567497,2.36558809479309,0,-3.3692162266175,0
153.576608590767,4.10059089287122,0,-3.94243292128005,0
-193.681828422194,2.05681509805661,1,-7.20543034426474,-7.20543034426474
-85.9556970756178,2.71824458026884,1,-5.26117804529193,-5.26117804529193
156.796253603674,4.32844366973388,0,-4.40178949667217,0
128.602583487418,2.6326333021747,0,-0.105132629328669,0
196.220168773805,5.14102658694179,0,-1.46096454459535,0
78.8555617014201,2.69603397078585,0,-10.4212766798413,0
-104.716361424177,3.07253584132672,1,-5.88760431369773,-5.88760431369773
-40.4288137848506,2.30918813209865,1,-4.0054807278727,-4.0054807278727
72.9360978141209,2.06477705506351,0,-7.43181920461178,0
72.9246342611115,1.31501193796781,0,-3.29933408432471,0
78.675363789255,2.15923537152278,0,-7.31397171765126,0
-12.0442830336896,2.89521135065878,1,-3.7879152882919,-3.7879152882919
49.8806926468287,5.62429021164929,1,-4.22996455734284,-4.22996455734284
-115.213457122887,1.75658763448302,1,-5.25023931662522,-5.25023931662522
-73.3253655680559,4.57688897398784,1,-6.19952643632575,-6.19952643632575
140.293023596472,4.10766126418874,0,-6.96487908552435,0
77.9812243481895,3.88702562129983,1,-2.41427924111016,-2.41427924111016
-89.5509789686222,2.14505157677645,1,-4.98693611791869,-4.98693611791869
-159.317131196443,2.05804045990688,1,-6.48751607649435,-6.48751607649435
-195.876897987164,2.6772995846098,1,-7.74420690448587,-7.74420690448587
77.5309041217263,1.71895285894911,0,-4.74669898131441,0
-19.6335451102402,3.26336552261327,1,-4.1998420271226,-4.1998420271226
-185.897882087068,2.31533753566223,1,-7.24487290165168,-7.24487290165168
-105.802306121802,2.27869929465075,1,-5.46010942953313,-5.46010942953313
83.7248133322817,2.90967387126128,0,-10.2452785448559,0
87.3437751806771,2.05348267254082,0,-4.59913319781755,0
102.972372542676,2.47011151814313,0,-4.29317640522403,0
102.735447810187,2.51696610516095,0,-4.88570195633913,0
-57.6397173025902,3.2588288904125,1,-4.99162421865952,-4.99162421865952
-165.669038358047,4.3581692107732,1,-8.10815338409472,-8.10815338409472
97.0553438357831,2.52001151910943,0,-5.76200282222484,0
64.80773149628,1.11661110320857,0,-3.98624150999176,0
-168.323776645439,1.03388885635513,1,-5.9973689987912,-5.9973689987912
129.566810171341,3.54119312495636,0,-5.50242897298235,0
94.728291446353,2.0879101955051,0,-3.6413069068899,0
-211.435062453488,1.41937944526645,1,-7.17312844526311,-7.17312844526311
-140.839881442396,4.30904682218088,1,-7.55766739567994,-7.55766739567994
-119.744329901317,2.76919064525119,1,-6.04094284942392,-6.04094284942392
152.360782803021,4.10154838420588,0,-4.25697598737354,0
-98.2154138207004,3.30231180276677,1,-5.93305741366105,-5.93305741366105
-204.141213937013,2.59137280765934,1,-7.83345457963989,-7.83345457963989
-146.763690913712,2.38525858767691,1,-6.37464383725014,-6.37464383725014
68.2868007808194,2.06561363357573,1,-1.41616509779245,-1.41616509779245
-84.2844002585468,2.96642626149455,1,-5.39216074494153,-5.39216074494153
-15.1708968721137,5.64461419517044,1,-5.64554568852075,-5.64554568852075
-111.362797802377,3.23895045735716,1,-6.2247635141091,-6.2247635141091
61.6836682245685,1.63782407939765,0,-7.4283740541699,0
152.328090552203,4.59092661028341,0,-7.12792704005025,0
120.730880075587,3.14176577596763,0,-4.62900158076557,0
108.799663032668,2.79179111058022,0,-5.37653823644576,0
126.931823523708,3.07422282574186,0,-3.18477858257982,0
-66.2968174742031,1.88644153764884,1,-4.29570129624174,-4.29570129624174
-172.596769824085,2.61240737437334,1,-7.14847431982204,-7.14847431982204
-252.430721612854,1.68177110123033,1,-8.2845015581365,-8.2845015581365
-39.3148981275385,0.553061668340054,1,-2.80917280420967,-2.80917280420967
-56.7820849121536,3.96389733921792,1,-5.46449758407762,-5.46449758407762
105.430968514012,2.68549699547945,0,-4.93918201215934,0
98.4829304809303,2.93626381695274,0,-7.91513839437132,0
-99.2864332420496,2.25024459773113,1,-5.25631847865234,-5.25631847865234
73.8387358204411,1.15310993282178,0,-2.29506596572522,0
-108.097475649377,0.746241519252797,1,-4.45071667132612,-4.45071667132612
153.443869163122,4.19163479812072,0,-4.80239983118626,0
132.95922286966,3.72869212427836,0,-5.91817718523864,0
-153.769007027105,2.24034604185903,1,-6.44823759626173,-6.44823759626173
105.34514775883,2.36154255061336,0,-3.07194408658661,0
-117.688909600409,2.86000183356079,1,-6.06220584182845,-6.06220584182845
-88.8698226137699,3.51600498103754,1,-5.89270378371321,-5.89270378371321
27.5123566119735,3.16029372000662,1,-3.0389796863688,-3.0389796863688
80.9589222368693,1.92276533889117,0,-5.39830716250749,0
103.920460865615,2.49089695674579,0,-4.29413602760071,0
-68.8688374679585,2.42277973129042,1,-4.70745981308103,-4.70745981308103
-106.717316320213,2.51217462907842,1,-5.62282638433922,-5.62282638433922
84.3203201599419,1.3370102593339,0,-1.22372378870218,0
89.2913367975299,2.08291674318951,0,-4.78244240459001,0
145.506160111184,3.69120674952044,0,-3.04884853927808,0
118.417943187667,3.25255393823293,0,-5.83600351362426,0
232.73209579688,3.28912961732014,1,1.4299042716214,1.4299042716214
129.714576919441,3.17489034959457,0,-3.05697151881926,0
-22.2261869497772,3.7911497060355,1,-4.56683151516893,-4.56683151516893
-33.869754212615,3.292651307249,1,-4.51406029888403,-4.51406029888403
-160.265140178592,3.17131221715235,1,-7.25631399375064,-7.25631399375064
-100.194021380351,1.96839780931814,1,-5.08348525217124,-5.08348525217124
-8.79209190627421,1.62832723415406,1,-2.84554565165808,-2.84554565165808
116.185967974059,2.64957550221996,0,-2.57049286540746,0
103.062738367799,2.58848460258693,0,-4.63858331632932,0
123.408887974849,3.04672393190426,0,-3.70223717296786,0
81.2095197030433,2.57048496980806,0,-9.20894975601148,0
100.545272622364,2.53420120390797,0,-5.07519908094377,0
-61.5305764211298,4.39892980468683,1,-5.84301690184822,-5.84301690184822
-19.6054245848925,2.64588736056478,1,-3.73232029456567,-3.73232029456567
-179.439369993423,2.49810528624232,1,-7.18270837691637,-7.18270837691637
29.2278739431621,3.37896222077788,1,-3.18627440126939,-3.18627440126939
120.706638656722,3.7175329953042,0,-8.2507547119257,0
-117.222744161989,3.86754242955531,1,-6.74442367845927,-6.74442367845927
-51.3444537923594,3.81112006201046,1,-5.2100774954398,-5.2100774954398
